Date,SMLV
2013-02-21,49.483
2013-02-22,49.881
2013-02-25,49.441
2013-02-26,49.2
2013-02-27,49.424
2013-02-28,49.848
2013-03-01,49.507
2013-03-04,49.507
2013-03-05,50.33
2013-03-06,50.513
2013-03-07,50.463
2013-03-08,50.463
2013-03-11,50.886
2013-03-12,50.886
2013-03-13,51.052
2013-03-14,51.252
2013-03-15,51.374
2013-03-18,51.374
2013-03-19,51.374
2013-03-20,51.433
2013-03-21,51.358
2013-03-22,51.316
2013-03-25,51.358
2013-03-26,51.641
2013-03-27,51.696
2013-03-28,51.949
2013-04-01,51.366
2013-04-02,51.491
2013-04-03,50.792
2013-04-04,51.0
2013-04-05,50.941
2013-04-08,51.524
2013-04-09,51.374
2013-04-10,51.374
2013-04-11,52.074
2013-04-12,51.907
2013-04-15,50.275
2013-04-16,50.883
2013-04-17,50.225
2013-04-18,50.034
2013-04-19,50.658
2013-04-22,50.8
2013-04-23,51.491
2013-04-24,51.782
2013-04-25,51.86
2013-04-26,51.691
2013-04-29,51.691
2013-04-30,52.224
2013-05-01,51.608
2013-05-02,51.724
2013-05-03,52.49
2013-05-06,52.457
2013-05-07,53.048
2013-05-08,53.005
2013-05-09,52.815
2013-05-10,53.023
2013-05-13,52.959
2013-05-14,53.275
2013-05-15,53.764
2013-05-16,53.539
2013-05-17,54.006
2013-05-20,54.031
2013-05-21,54.139
2013-05-22,53.256
2013-05-23,52.945
2013-05-24,53.023
2013-05-28,53.256
2013-05-29,52.598
2013-05-30,52.838
2013-05-31,52.537
2013-06-03,52.648
2013-06-04,52.288
2013-06-05,51.707
2013-06-06,51.549
2013-06-07,52.465
2013-06-10,52.565
2013-06-11,52.165
2013-06-12,51.404
2013-06-13,52.415
2013-06-14,52.357
2013-06-17,52.457
2013-06-18,53.131
2013-06-19,52.299
2013-06-20,50.941
2013-06-21,51.265
2013-06-24,50.779
2013-06-25,50.963
2013-06-26,51.475
2013-06-27,52.217
2013-06-28,52.296
2013-07-01,52.475
2013-07-02,52.388
2013-07-03,52.665
2013-07-05,53.034
2013-07-08,53.562
2013-07-09,54.092
2013-07-10,54.09
2013-07-11,54.635
2013-07-12,54.979
2013-07-15,55.333
2013-07-16,55.18
2013-07-17,55.317
2013-07-18,55.851
2013-07-19,55.91
2013-07-22,56.044
2013-07-23,56.119
2013-07-24,55.583
2013-07-25,56.018
2013-07-26,55.932
2013-07-29,55.648
2013-07-30,55.616
2013-07-31,55.675
2013-08-01,56.127
2013-08-02,56.144
2013-08-05,56.15
2013-08-06,55.91
2013-08-07,55.599
2013-08-08,55.775
2013-08-09,55.692
2013-08-12,55.683
2013-08-13,55.692
2013-08-14,55.44
2013-08-15,54.286
2013-08-16,53.864
2013-08-19,53.571
2013-08-20,53.99
2013-08-21,53.705
2013-08-22,54.132
2013-08-23,54.292
2013-08-26,54.425
2013-08-27,53.472
2013-08-28,53.285
2013-08-29,53.612
2013-08-30,52.957
2013-09-03,52.816
2013-09-04,53.0
2013-09-05,53.21
2013-09-06,53.319
2013-09-09,53.956
2013-09-10,54.107
2013-09-11,54.602
2013-09-12,54.644
2013-09-13,54.669
2013-09-16,54.971
2013-09-17,55.264
2013-09-18,56.086
2013-09-19,56.06
2013-09-20,56.431
2013-09-23,56.203
2013-09-24,56.26
2013-09-25,56.262
2013-09-26,56.169
2013-09-27,56.169
2013-09-30,55.827
2013-10-01,56.522
2013-10-02,56.169
2013-10-03,55.688
2013-10-04,55.764
2013-10-07,55.443
2013-10-08,54.979
2013-10-09,55.224
2013-10-10,55.934
2013-10-11,56.861
2013-10-14,57.03
2013-10-15,56.55
2013-10-16,56.996
2013-10-17,57.568
2013-10-18,57.57
2013-10-21,58.26
2013-10-22,58.671
2013-10-23,58.701
2013-10-24,58.616
2013-10-25,58.785
2013-10-28,59.012
2013-10-29,58.929
2013-10-30,58.473
2013-10-31,58.228
2013-11-01,57.747
2013-11-04,58.237
2013-11-05,58.076
2013-11-06,58.237
2013-11-07,57.384
2013-11-08,57.789
2013-11-11,57.941
2013-11-12,57.587
2013-11-13,58.085
2013-11-14,58.441
2013-11-15,58.481
2013-11-18,58.465
2013-11-19,58.296
2013-11-20,58.193
2013-11-21,58.971
2013-11-22,59.19
2013-11-25,59.216
2013-11-26,59.579
2013-11-27,59.705
2013-11-29,59.705
2013-12-02,59.207
2013-12-03,58.988
2013-12-04,58.717
2013-12-05,58.888
2013-12-06,59.691
2013-12-09,59.494
2013-12-10,59.071
2013-12-11,58.237
2013-12-12,58.524
2013-12-13,58.777
2013-12-16,59.502
2013-12-17,59.46
2013-12-18,59.283
2013-12-19,59.84
2013-12-20,60.546
2013-12-23,60.546
2013-12-24,61.929
2013-12-26,61.929
2013-12-27,62.519
2013-12-30,62.594
2013-12-31,62.569
2014-01-02,61.517
2014-01-03,61.517
2014-01-06,61.577
2014-01-07,61.993
2014-01-08,61.598
2014-01-09,61.942
2014-01-10,61.942
2014-01-13,61.359
2014-01-14,62.052
2014-01-15,62.41
2014-01-16,62.278
2014-01-17,62.304
2014-01-21,62.569
2014-01-22,62.633
2014-01-23,62.292
2014-01-24,61.077
2014-01-27,60.883
2014-01-28,60.44
2014-01-29,60.044
2014-01-30,61.05
2014-01-31,60.644
2014-02-03,58.895
2014-02-04,59.223
2014-02-05,58.96
2014-02-06,58.96
2014-02-07,59.708
2014-02-10,60.013
2014-02-11,60.851
2014-02-12,60.891
2014-02-13,61.854
2014-02-14,62.083
2014-02-18,62.445
2014-02-19,61.758
2014-02-20,62.118
2014-02-21,62.489
2014-02-24,63.028
2014-02-25,62.641
2014-02-26,62.641
2014-02-27,63.185
2014-02-28,63.284
2014-03-03,62.64
2014-03-04,64.485
2014-03-05,64.238
2014-03-06,64.123
2014-03-07,64.079
2014-03-10,64.079
2014-03-11,64.079
2014-03-12,63.567
2014-03-13,63.672
2014-03-14,63.95
2014-03-17,64.229
2014-03-18,64.573
2014-03-19,64.238
2014-03-20,64.37
2014-03-21,64.47
2014-03-24,63.888
2014-03-25,64.036
2014-03-26,63.468
2014-03-27,63.468
2014-03-28,63.451
2014-03-31,64.062
2014-04-01,64.514
2014-04-02,64.63
2014-04-03,64.337
2014-04-04,63.362
2014-04-07,62.844
2014-04-08,63.078
2014-04-09,63.078
2014-04-10,62.032
2014-04-11,61.695
2014-04-14,61.782
2014-04-15,62.005
2014-04-16,62.682
2014-04-17,62.715
2014-04-21,62.901
2014-04-22,63.193
2014-04-23,63.105
2014-04-24,62.768
2014-04-25,62.2
2014-04-28,61.8
2014-04-29,62.165
2014-04-30,62.378
2014-05-01,62.13
2014-05-02,62.697
2014-05-05,62.413
2014-05-06,61.837
2014-05-07,61.748
2014-05-08,62.316
2014-05-09,62.147
2014-05-12,63.377
2014-05-13,62.794
2014-05-14,62.085
2014-05-15,60.799
2014-05-16,61.349
2014-05-19,61.784
2014-05-20,60.915
2014-05-21,60.915
2014-05-22,61.911
2014-05-23,61.911
2014-05-27,63.007
2014-05-28,62.741
2014-05-29,62.839
2014-05-30,62.688
2014-06-02,62.759
2014-06-03,62.724
2014-06-04,62.821
2014-06-05,64.009
2014-06-06,64.009
2014-06-09,64.956
2014-06-10,64.869
2014-06-11,64.426
2014-06-12,63.912
2014-06-13,64.266
2014-06-16,64.115
2014-06-17,64.798
2014-06-18,64.798
2014-06-19,65.25
2014-06-20,65.582
2014-06-23,65.582
2014-06-24,65.252
2014-06-25,65.396
2014-06-26,65.377
2014-06-27,65.68
2014-06-30,65.877
2014-07-01,66.224
2014-07-02,66.135
2014-07-03,66.263
2014-07-07,65.773
2014-07-08,65.509
2014-07-09,65.509
2014-07-10,65.225
2014-07-11,65.007
2014-07-14,65.065
2014-07-15,65.065
2014-07-16,64.489
2014-07-17,64.003
2014-07-18,64.003
2014-07-21,64.003
2014-07-22,64.753
2014-07-23,64.36
2014-07-24,64.441
2014-07-25,64.039
2014-07-28,63.896
2014-07-29,63.79
2014-07-30,63.58
2014-07-31,62.648
2014-08-01,62.157
2014-08-04,62.309
2014-08-05,62.878
2014-08-06,62.817
2014-08-07,62.917
2014-08-08,62.917
2014-08-11,62.917
2014-08-12,63.201
2014-08-13,63.815
2014-08-14,64.06
2014-08-15,64.06
2014-08-18,64.503
2014-08-19,65.092
2014-08-20,64.851
2014-08-21,65.386
2014-08-22,65.386
2014-08-25,65.379
2014-08-26,65.591
2014-08-27,65.584
2014-08-28,65.584
2014-08-29,65.645
2014-09-02,66.073
2014-09-03,66.298
2014-09-04,65.814
2014-09-05,65.466
2014-09-08,65.752
2014-09-09,65.154
2014-09-10,65.288
2014-09-11,65.707
2014-09-12,65.038
2014-09-15,64.516
2014-09-16,64.833
2014-09-17,64.958
2014-09-18,64.958
2014-09-19,64.951
2014-09-22,64.028
2014-09-23,63.131
2014-09-24,63.342
2014-09-25,62.799
2014-09-26,63.216
2014-09-29,63.122
2014-09-30,62.782
2014-10-01,62.136
2014-10-02,62.333
2014-10-03,62.916
2014-10-06,62.853
2014-10-07,62.038
2014-10-08,62.145
2014-10-09,62.145
2014-10-10,62.378
2014-10-13,61.57
2014-10-14,62.216
2014-10-15,62.602
2014-10-16,62.672
2014-10-17,62.88
2014-10-20,63.436
2014-10-21,64.49
2014-10-22,64.384
2014-10-23,64.844
2014-10-24,65.068
2014-10-27,65.238
2014-10-28,65.801
2014-10-29,66.646
2014-10-30,67.318
2014-10-31,68.242
2014-11-03,68.474
2014-11-04,68.042
2014-11-05,68.042
2014-11-06,68.295
2014-11-07,68.546
2014-11-10,69.037
2014-11-11,68.842
2014-11-12,69.147
2014-11-13,68.636
2014-11-14,68.476
2014-11-17,68.302
2014-11-18,68.547
2014-11-19,67.98
2014-11-20,68.107
2014-11-21,68.456
2014-11-24,68.604
2014-11-25,68.726
2014-11-26,69.038
2014-11-28,69.227
2014-12-01,67.952
2014-12-02,68.344
2014-12-03,68.654
2014-12-04,68.896
2014-12-05,69.353
2014-12-08,68.932
2014-12-09,69.651
2014-12-10,68.6
2014-12-11,69.021
2014-12-12,68.187
2014-12-15,67.219
2014-12-16,67.317
2014-12-17,67.317
2014-12-18,69.498
2014-12-19,68.587
2014-12-22,69.084
2014-12-23,69.568
2014-12-24,69.827
2014-12-26,70.097
2014-12-29,70.751
2014-12-30,70.535
2014-12-31,69.9
2015-01-02,69.339
2015-01-05,68.465
2015-01-06,67.721
2015-01-07,68.053
2015-01-08,69.012
2015-01-09,68.429
2015-01-12,67.721
2015-01-13,67.774
2015-01-14,67.971
2015-01-15,67.246
2015-01-16,67.721
2015-01-20,67.914
2015-01-21,67.828
2015-01-22,69.281
2015-01-23,69.165
2015-01-26,69.64
2015-01-27,69.23
2015-01-28,67.999
2015-01-29,68.976
2015-01-30,67.748
2015-02-02,67.668
2015-02-03,69.514
2015-02-04,69.03
2015-02-05,69.593
2015-02-06,69.846
2015-02-09,68.494
2015-02-10,68.962
2015-02-11,68.707
2015-02-12,69.36
2015-02-13,69.362
2015-02-17,69.328
2015-02-18,69.588
2015-02-19,69.657
2015-02-20,69.81
2015-02-23,69.74
2015-02-24,69.973
2015-02-25,69.567
2015-02-26,69.846
2015-02-27,69.983
2015-03-02,69.954
2015-03-03,70.06
2015-03-04,69.57
2015-03-05,69.575
2015-03-06,68.421
2015-03-09,68.784
2015-03-10,68.223
2015-03-11,68.196
2015-03-12,69.747
2015-03-13,69.173
2015-03-16,69.762
2015-03-17,69.64
2015-03-18,70.715
2015-03-19,70.375
2015-03-20,70.796
2015-03-23,71.449
2015-03-24,71.146
2015-03-25,70.024
2015-03-26,69.864
2015-03-27,70.018
2015-03-30,71.173
2015-03-31,70.866
2015-04-01,70.554
2015-04-02,71.46
2015-04-06,71.359
2015-04-07,70.841
2015-04-08,70.992
2015-04-09,70.527
2015-04-10,70.698
2015-04-13,70.653
2015-04-14,70.886
2015-04-15,71.182
2015-04-16,70.967
2015-04-17,69.972
2015-04-20,70.545
2015-04-21,70.581
2015-04-22,70.626
2015-04-23,70.939
2015-04-24,70.496
2015-04-27,70.07
2015-04-28,70.654
2015-04-29,70.379
2015-04-30,68.95
2015-05-01,69.075
2015-05-04,69.348
2015-05-05,68.403
2015-05-06,68.205
2015-05-07,68.768
2015-05-08,69.075
2015-05-11,69.084
2015-05-12,69.03
2015-05-13,69.129
2015-05-14,69.765
2015-05-15,69.245
2015-05-18,70.263
2015-05-19,70.034
2015-05-20,70.347
2015-05-21,70.093
2015-05-22,69.855
2015-05-26,68.941
2015-05-27,69.344
2015-05-28,69.667
2015-05-29,69.138
2015-06-01,69.828
2015-06-02,69.452
2015-06-03,69.989
2015-06-04,69.38
2015-06-05,69.371
2015-06-08,69.371
2015-06-09,69.165
2015-06-10,70.097
2015-06-11,70.009
2015-06-12,70.009
2015-06-15,69.441
2015-06-16,70.133
2015-06-17,70.016
2015-06-18,70.922
2015-06-19,70.563
2015-06-22,70.536
2015-06-23,70.626
2015-06-24,70.51
2015-06-25,70.187
2015-06-26,70.303
2015-06-29,69.138
2015-06-30,69.218
2015-07-01,69.285
2015-07-02,69.102
2015-07-06,69.021
2015-07-07,69.084
2015-07-08,68.573
2015-07-09,68.636
2015-07-10,69.533
2015-07-13,69.846
2015-07-14,70.061
2015-07-15,70.1
2015-07-16,70.42
2015-07-17,69.918
2015-07-20,69.972
2015-07-21,69.55
2015-07-22,69.581
2015-07-23,68.993
2015-07-24,68.387
2015-07-27,68.071
2015-07-28,68.349
2015-07-29,68.451
2015-07-30,68.788
2015-07-31,68.976
2015-08-03,68.896
2015-08-04,68.905
2015-08-05,68.752
2015-08-06,68.149
2015-08-07,67.703
2015-08-10,67.703
2015-08-11,68.179
2015-08-12,67.76
2015-08-13,68.492
2015-08-14,68.707
2015-08-17,69.138
2015-08-18,69.174
2015-08-19,68.618
2015-08-20,68.143
2015-08-21,66.753
2015-08-24,64.7
2015-08-25,64.01
2015-08-26,64.637
2015-08-27,65.274
2015-08-28,65.561
2015-08-31,65.451
2015-09-01,64.091
2015-09-02,64.342
2015-09-03,64.758
2015-09-04,64.01
2015-09-08,64.01
2015-09-09,64.897
2015-09-10,65.552
2015-09-11,65.728
2015-09-14,65.676
2015-09-15,65.74
2015-09-16,66.643
2015-09-17,66.421
2015-09-18,64.952
2015-09-21,64.952
2015-09-22,64.727
2015-09-23,64.996
2015-09-24,64.718
2015-09-25,65.522
2015-09-28,64.35
2015-09-29,64.028
2015-09-30,64.333
2015-10-01,64.216
2015-10-02,64.091
2015-10-05,66.175
2015-10-06,66.152
2015-10-07,66.879
2015-10-08,67.726
2015-10-09,67.82
2015-10-12,68.015
2015-10-13,67.307
2015-10-14,66.502
2015-10-15,67.219
2015-10-16,67.63
2015-10-19,67.875
2015-10-20,68.214
2015-10-21,67.389
2015-10-22,68.255
2015-10-23,68.687
2015-10-26,68.55
2015-10-27,67.681
2015-10-28,69.192
2015-10-29,69.281
2015-10-30,68.583
2015-11-02,69.615
2015-11-03,69.729
2015-11-04,69.676
2015-11-05,69.972
2015-11-06,70.097
2015-11-09,69.398
2015-11-10,69.882
2015-11-11,69.877
2015-11-12,68.501
2015-11-13,67.834
2015-11-16,68.618
2015-11-17,68.259
2015-11-18,69.1
2015-11-19,69.201
2015-11-20,69.842
2015-11-23,69.712
2015-11-24,70.0
2015-11-25,70.102
2015-11-27,70.659
2015-11-30,70.526
2015-12-01,71.038
2015-12-02,70.034
2015-12-03,69.138
2015-12-04,69.783
2015-12-07,68.681
2015-12-08,68.392
2015-12-09,67.739
2015-12-10,67.757
2015-12-11,66.345
2015-12-14,66.017
2015-12-15,67.038
2015-12-16,67.963
2015-12-17,67.405
2015-12-18,65.48
2015-12-21,65.659
2015-12-22,66.142
2015-12-23,66.892
2015-12-24,67.383
2015-12-28,67.157
2015-12-29,67.736
2015-12-30,67.562
2015-12-31,66.941
2016-01-04,64.774
2016-01-05,65.374
2016-01-06,64.96
2016-01-07,63.535
2016-01-08,62.871
2016-01-11,62.783
2016-01-12,62.463
2016-01-13,61.441
2016-01-14,62.029
2016-01-15,60.397
2016-01-19,60.845
2016-01-20,60.693
2016-01-21,60.182
2016-01-22,61.634
2016-01-25,60.825
2016-01-26,61.76
2016-01-27,60.982
2016-01-28,61.541
2016-01-29,63.445
2016-02-01,63.06
2016-02-02,61.947
2016-02-03,62.28
2016-02-04,62.39
2016-02-05,61.939
2016-02-08,61.642
2016-02-09,61.782
2016-02-10,61.701
2016-02-11,60.651
2016-02-12,61.947
2016-02-16,62.8
2016-02-17,63.23
2016-02-18,63.337
2016-02-19,63.631
2016-02-22,64.225
2016-02-23,63.692
2016-02-24,63.925
2016-02-25,64.39
2016-02-26,64.268
2016-02-29,64.232
2016-03-01,65.13
2016-03-02,65.389
2016-03-03,66.253
2016-03-04,66.356
2016-03-07,67.13
2016-03-08,66.142
2016-03-09,66.202
2016-03-10,66.063
2016-03-11,67.318
2016-03-14,67.067
2016-03-15,66.574
2016-03-16,66.923
2016-03-17,67.972
2016-03-18,67.829
2016-03-21,67.703
2016-03-22,67.483
2016-03-23,67.012
2016-03-24,66.95
2016-03-28,67.168
2016-03-29,68.543
2016-03-30,69.003
2016-03-31,68.799
2016-04-01,68.833
2016-04-04,68.331
2016-04-05,67.31
2016-04-06,67.703
2016-04-07,66.592
2016-04-08,66.986
2016-04-11,67.269
2016-04-12,67.793
2016-04-13,69.12
2016-04-14,69.156
2016-04-15,69.209
2016-04-18,69.363
2016-04-19,69.756
2016-04-20,69.537
2016-04-21,68.694
2016-04-22,69.165
2016-04-25,68.795
2016-04-26,69.613
2016-04-27,69.908
2016-04-28,69.075
2016-04-29,68.618
2016-05-02,68.994
2016-05-03,68.098
2016-05-04,68.178
2016-05-05,68.161
2016-05-06,68.223
2016-05-09,68.707
2016-05-10,69.241
2016-05-11,68.862
2016-05-12,68.672
2016-05-13,68.057
2016-05-16,68.69
2016-05-17,67.273
2016-05-18,67.757
2016-05-19,67.237
2016-05-20,67.757
2016-05-23,67.762
2016-05-24,69.075
2016-05-25,69.335
2016-05-26,69.416
2016-05-27,69.595
2016-05-31,69.922
2016-06-01,70.29
2016-06-02,70.546
2016-06-03,70.321
2016-06-06,70.76
2016-06-07,70.617
2016-06-08,71.28
2016-06-09,70.958
2016-06-10,70.249
2016-06-13,69.541
2016-06-14,69.223
2016-06-15,69.622
2016-06-16,69.166
2016-06-17,69.097
2016-06-20,69.948
2016-06-21,69.811
2016-06-22,69.66
2016-06-23,70.599
2016-06-24,68.478
2016-06-27,66.7
2016-06-28,67.629
2016-06-29,68.929
2016-06-30,70.309
2016-07-01,70.141
2016-07-05,69.308
2016-07-06,69.353
2016-07-07,69.154
2016-07-08,70.806
2016-07-11,71.464
2016-07-12,72.385
2016-07-13,72.372
2016-07-14,72.502
2016-07-15,72.655
2016-07-18,72.664
2016-07-19,72.529
2016-07-20,72.691
2016-07-21,72.664
2016-07-22,73.648
2016-07-25,73.307
2016-07-26,73.44
2016-07-27,73.226
2016-07-28,73.702
2016-07-29,73.648
2016-08-01,73.409
2016-08-02,72.691
2016-08-03,73.025
2016-08-04,72.985
2016-08-05,74.162
2016-08-08,73.94
2016-08-09,74.225
2016-08-10,73.892
2016-08-11,73.856
2016-08-12,73.919
2016-08-15,74.171
2016-08-16,73.693
2016-08-17,73.792
2016-08-18,74.071
2016-08-19,74.171
2016-08-22,74.343
2016-08-23,74.904
2016-08-24,74.577
2016-08-25,74.911
2016-08-26,74.631
2016-08-29,75.024
2016-08-30,75.397
2016-08-31,75.326
2016-09-01,75.173
2016-09-02,75.628
2016-09-06,75.398
2016-09-07,76.183
2016-09-08,75.856
2016-09-09,73.828
2016-09-12,74.424
2016-09-13,73.287
2016-09-14,73.061
2016-09-15,73.783
2016-09-16,73.395
2016-09-19,73.846
2016-09-20,73.591
2016-09-21,74.585
2016-09-22,75.199
2016-09-23,74.881
2016-09-26,74.127
2016-09-27,74.263
2016-09-28,74.772
2016-09-29,73.854
2016-09-30,74.477
2016-10-03,73.69
2016-10-04,73.209
2016-10-05,73.627
2016-10-06,73.409
2016-10-07,73.073
2016-10-10,73.827
2016-10-11,72.668
2016-10-12,73.113
2016-10-13,72.382
2016-10-14,72.646
2016-10-17,72.528
2016-10-18,72.91
2016-10-19,73.309
2016-10-20,73.032
2016-10-21,72.846
2016-10-24,73.521
2016-10-25,73.191
2016-10-26,72.955
2016-10-27,72.809
2016-10-28,72.796
2016-10-31,73.368
2016-11-01,72.364
2016-11-02,71.819
2016-11-03,72.037
2016-11-04,72.282
2016-11-07,73.736
2016-11-08,73.691
2016-11-09,76.008
2016-11-10,77.207
2016-11-11,79.215
2016-11-14,80.696
2016-11-15,80.942
2016-11-16,80.669
2016-11-17,81.305
2016-11-18,81.841
2016-11-21,81.959
2016-11-22,82.886
2016-11-23,83.186
2016-11-25,83.677
2016-11-28,82.741
2016-11-29,83.104
2016-11-30,82.841
2016-12-01,82.993
2016-12-02,82.532
2016-12-05,83.713
2016-12-06,84.767
2016-12-07,85.831
2016-12-08,87.066
2016-12-09,87.32
2016-12-12,86.23
2016-12-13,86.303
2016-12-14,85.549
2016-12-15,86.466
2016-12-16,86.172
2016-12-19,86.54
2016-12-20,87.333
2016-12-21,86.955
2016-12-22,86.467
2016-12-23,86.734
2016-12-27,87.25
2016-12-28,86.826
2016-12-29,86.826
2016-12-30,86.126
2017-01-03,86.623
2017-01-04,87.527
2017-01-05,86.402
2017-01-06,85.923
2017-01-09,84.909
2017-01-10,85.674
2017-01-11,85.969
2017-01-12,84.844
2017-01-13,85.674
2017-01-17,84.098
2017-01-18,84.568
2017-01-19,83.849
2017-01-20,84.153
2017-01-23,83.803
2017-01-24,84.909
2017-01-25,85.858
2017-01-26,85.665
2017-01-27,85.37
2017-01-30,84.088
2017-01-31,84.264
2017-02-01,84.227
2017-02-02,83.646
2017-02-03,84.826
2017-02-06,84.098
2017-02-07,83.83
2017-02-08,83.25
2017-02-09,84.245
2017-02-10,84.881
2017-02-13,85.038
2017-02-14,85.37
2017-02-15,85.969
2017-02-16,86.107
2017-02-17,85.914
2017-02-21,86.494
2017-02-22,86.209
2017-02-23,86.144
2017-02-24,85.628
2017-02-27,86.181
2017-02-28,84.907
2017-03-01,86.568
2017-03-02,85.313
2017-03-03,85.296
2017-03-06,84.803
2017-03-07,84.208
2017-03-08,83.926
2017-03-09,83.305
2017-03-10,83.646
2017-03-13,84.088
2017-03-14,83.904
2017-03-15,84.789
2017-03-16,84.927
2017-03-17,85.922
2017-03-20,84.972
2017-03-21,82.868
2017-03-22,82.023
2017-03-23,82.632
2017-03-24,82.91
2017-03-27,83.026
2017-03-28,83.692
2017-03-29,83.736
2017-03-30,84.759
2017-03-31,84.719
2017-04-03,83.655
2017-04-04,83.789
2017-04-05,82.942
2017-04-06,83.794
2017-04-07,83.747
2017-04-10,83.757
2017-04-11,84.756
2017-04-12,83.969
2017-04-13,83.1
2017-04-17,84.053
2017-04-18,84.201
2017-04-19,84.441
2017-04-20,85.274
2017-04-21,85.384
2017-04-24,85.959
2017-04-25,86.81
2017-04-26,87.589
2017-04-27,87.097
2017-04-28,86.027
2017-05-01,85.959
2017-05-02,85.809
2017-05-03,85.312
2017-05-04,84.941
2017-05-05,85.2
2017-05-08,85.004
2017-05-09,85.015
2017-05-10,85.006
2017-05-11,84.634
2017-05-12,83.996
2017-05-15,84.45
2017-05-16,84.219
2017-05-17,82.959
2017-05-18,82.998
2017-05-19,83.372
2017-05-22,83.794
2017-05-23,84.08
2017-05-24,84.256
2017-05-25,84.286
2017-05-26,84.21
2017-05-30,83.82
2017-05-31,83.82
2017-06-01,85.265
2017-06-02,85.597
2017-06-05,84.984
2017-06-06,84.923
2017-06-07,84.765
2017-06-08,85.765
2017-06-09,86.508
2017-06-12,86.625
2017-06-13,86.838
2017-06-14,86.468
2017-06-15,86.163
2017-06-16,85.99
2017-06-19,86.101
2017-06-20,85.186
2017-06-21,84.756
2017-06-22,84.895
2017-06-23,85.173
2017-06-26,85.617
2017-06-27,85.183
2017-06-28,85.978
2017-06-29,85.834
2017-06-30,85.842
2017-07-03,86.401
2017-07-05,85.614
2017-07-06,84.63
2017-07-07,85.515
2017-07-10,84.95
2017-07-11,85.009
2017-07-12,85.518
2017-07-13,85.569
2017-07-14,85.884
2017-07-17,85.908
2017-07-18,85.821
2017-07-19,86.513
2017-07-20,86.808
2017-07-21,86.597
2017-07-24,86.458
2017-07-25,87.086
2017-07-26,87.175
2017-07-27,86.596
2017-07-28,86.408
2017-07-31,86.555
2017-08-01,86.672
2017-08-02,85.784
2017-08-03,85.488
2017-08-04,85.9
2017-08-07,85.661
2017-08-08,85.929
2017-08-09,84.786
2017-08-10,83.838
2017-08-11,83.797
2017-08-14,84.953
2017-08-15,84.355
2017-08-16,84.312
2017-08-17,83.23
2017-08-18,83.096
2017-08-21,83.059
2017-08-22,83.585
2017-08-23,83.541
2017-08-24,83.639
2017-08-25,84.281
2017-08-28,84.243
2017-08-29,83.946
2017-08-30,84.15
2017-08-31,84.941
2017-09-01,85.397
2017-09-05,84.269
2017-09-06,84.625
2017-09-07,83.89
2017-09-08,84.457
2017-09-11,85.434
2017-09-12,85.804
2017-09-13,85.818
2017-09-14,85.891
2017-09-15,86.176
2017-09-18,86.855
2017-09-19,86.754
2017-09-20,87.276
2017-09-21,87.214
2017-09-22,87.492
2017-09-25,87.575
2017-09-26,88.24
2017-09-27,89.588
2017-09-28,89.753
2017-09-29,89.625
2017-10-02,90.491
2017-10-03,90.611
2017-10-04,90.664
2017-10-05,90.982
2017-10-06,90.725
2017-10-09,90.636
2017-10-10,90.919
2017-10-11,91.085
2017-10-12,90.982
2017-10-13,90.989
2017-10-16,90.91
2017-10-17,90.552
2017-10-18,91.103
2017-10-19,90.783
2017-10-20,90.963
2017-10-23,90.636
2017-10-24,90.729
2017-10-25,90.346
2017-10-26,90.299
2017-10-27,90.636
2017-10-30,89.232
2017-10-31,89.934
2017-11-01,89.522
2017-11-02,90.046
2017-11-03,89.541
2017-11-06,89.513
2017-11-07,88.708
2017-11-08,88.68
2017-11-09,88.54
2017-11-10,88.493
2017-11-13,88.745
2017-11-14,88.951
2017-11-15,88.521
2017-11-16,89.55
2017-11-17,89.915
2017-11-20,90.374
2017-11-21,91.169
2017-11-22,91.15
2017-11-24,90.887
2017-11-27,90.767
2017-11-28,92.17
2017-11-29,93.078
2017-11-30,92.526
2017-12-01,92.123
2017-12-04,92.371
2017-12-05,91.609
2017-12-06,91.16
2017-12-07,91.132
2017-12-08,90.938
2017-12-11,90.598
2017-12-12,90.495
2017-12-13,90.916
2017-12-14,90.037
2017-12-15,91.344
2017-12-18,92.001
2017-12-19,91.125
2017-12-20,91.116
2017-12-21,91.414
2017-12-22,91.135
2017-12-26,91.185
2017-12-27,91.135
2017-12-28,91.494
2017-12-29,90.926
2018-01-02,91.135
2018-01-03,90.867
2018-01-04,90.867
2018-01-05,90.936
2018-01-08,91.334
2018-01-09,91.062
2018-01-10,90.817
2018-01-11,92.25
2018-01-12,92.101
2018-01-16,91.884
2018-01-17,92.459
2018-01-18,91.729
2018-01-19,92.589
2018-01-22,92.877
2018-01-23,92.78
2018-01-24,92.27
2018-01-25,92.619
2018-01-26,92.429
2018-01-29,91.647
2018-01-30,91.145
2018-01-31,90.687
2018-02-01,90.787
2018-02-02,89.563
2018-02-05,86.039
2018-02-06,87.135
2018-02-07,86.965
2018-02-08,85.393
2018-02-09,85.273
2018-02-12,86.338
2018-02-13,86.502
2018-02-14,87.418
2018-02-15,88.1
2018-02-16,88.846
2018-02-20,87.598
2018-02-21,88.202
2018-02-22,87.67
2018-02-23,88.448
2018-02-26,88.993
2018-02-27,88.045
2018-02-28,87.128
2018-03-01,86.417
2018-03-02,87.271
2018-03-05,88.19
2018-03-06,88.866
2018-03-07,89.782
2018-03-08,89.324
2018-03-09,90.449
2018-03-12,90.897
2018-03-13,90.439
2018-03-14,90.103
2018-03-15,89.876
2018-03-16,90.668
2018-03-19,89.835
2018-03-20,89.95
2018-03-21,89.98
2018-03-22,88.6
2018-03-23,86.982
2018-03-26,88.4
2018-03-27,87.475
2018-03-28,88.061
2018-03-29,88.765
2018-04-02,87.23
2018-04-03,88.112
2018-04-04,89.032
2018-04-05,89.45
2018-04-06,88.232
2018-04-09,88.302
2018-04-10,89.373
2018-04-11,89.101
2018-04-12,89.19
2018-04-13,88.93
2018-04-16,90.07
2018-04-17,90.46
2018-04-18,90.58
2018-04-19,90.115
2018-04-20,89.54
2018-04-23,89.807
2018-04-24,89.78
2018-04-25,89.77
2018-04-26,89.99
2018-04-27,90.034
2018-04-30,89.37
2018-05-01,89.626
2018-05-02,89.69
2018-05-03,89.481
2018-05-04,90.588
2018-05-07,90.917
2018-05-08,91.18
2018-05-09,91.4
2018-05-10,91.75
2018-05-11,91.773
2018-05-14,91.145
2018-05-15,91.124
2018-05-16,91.73
2018-05-17,92.08
2018-05-18,92.04
2018-05-21,92.845
2018-05-22,92.66
2018-05-23,92.74
2018-05-24,92.934
2018-05-25,93.094
2018-05-29,93.19
2018-05-30,94.362
2018-05-31,93.648
